Student_ID,Age,Gender,University_Year,Sleep_Duration,Study_Hours,Screen_Time,Caffeine_Intake,Physical_Activity,Sleep_Quality,Weekday_Sleep_Start,Weekend_Sleep_Start,Weekday_Sleep_End,Weekend_Sleep_End,Weight_kg,Height_cm,Caloric_Intake,Water_Liters,BMI,Resting_Heart_Rate,Activity_Score,Gender_Encoded,CRF_METs,SportsPerformanceScore
1,24,Other,2nd Year,7.7,7.9,3.4,2,37,10,14.16,4.05,7.41,7.06,66.8,171.5,2249,2.36,22.71,65,5,0,14.86,41.81
2,21,Male,1st Year,6.3,6.0,1.9,5,74,2,8.73,7.1,8.21,10.21,72.7,173.4,2727,2.76,24.18,62,7,1,19.77,85.27
3,22,Male,4th Year,5.1,6.7,3.9,5,53,5,20.0,20.47,6.88,10.92,80.4,171.7,2418,2.2,27.27,66,7,1,19.02,78.67
4,24,Other,4th Year,6.3,8.6,2.8,4,55,9,19.82,4.08,6.69,9.42,50.8,169.7,2102,2.21,17.64,63,7,0,17.78,67.67
5,20,Male,4th Year,4.7,2.7,2.7,0,85,3,20.98,6.12,8.98,9.01,78.1,167.9,2534,2.49,27.7,64,7,1,19.21,80.32
6,25,Other,1st Year,4.9,12.0,3.2,3,96,9,9.8,18.83,5.04,10.51,66.0,178.3,2486,2.66,20.76,59,7,0,17.27,63.16
7,22,Female,2nd Year,6.5,11.7,3.4,1,99,6,13.05,20.96,8.58,10.81,62.9,158.7,2179,3.06,24.97,67,7,0,16.61,57.35
8,22,Male,2nd Year,6.1,7.8,3.0,1,108,4,10.49,10.85,5.6,10.02,72.1,170.8,2679,3.49,24.71,65,7,1,19.49,82.78
9,24,Female,1st Year,8.6,2.4,1.4,1,86,7,11.06,18.88,8.14,8.78,53.5,161.9,2312,2.55,20.41,58,7,0,17.46,64.83
10,19,Other,2nd Year,5.8,8.2,2.0,3,44,8,14.65,5.31,7.47,9.37,50.4,169.5,2087,2.2,17.54,60,7,0,18.39,73.04
11,20,Female,1st Year,6.9,0.9,3.8,5,108,6,7.77,14.83,6.37,9.8,63.4,166.4,2328,3.06,22.9,60,7,0,17.38,64.1
12,24,Female,2nd Year,7.2,0.4,1.7,0,33,5,6.07,3.74,8.5,7.78,56.2,153.1,1918,2.21,23.98,65,5,0,14.64,39.91
13,20,Other,3rd Year,4.1,3.1,2.1,3,8,6,21.69,10.69,5.05,8.79,52.1,170.4,2072,1.54,17.94,75,2,0,12.77,23.32
14,20,Female,3rd Year,7.3,5.6,2.3,1,87,5,17.65,18.35,5.91,10.32,66.9,157.9,2338,2.99,26.83,58,7,0,16.77,58.71
15,25,Female,4th Year,4.9,10.4,2.3,4,7,8,7.02,19.21,7.27,9.62,59.5,157.0,1868,1.8,24.14,74,2,0,11.25,9.84
16,22,Other,3rd Year,8.8,8.7,2.8,2,6,1,13.88,10.47,6.41,8.64,66.3,164.6,1919,1.35,24.47,78,2,0,11.37,10.93
17,21,Female,3rd Year,4.7,8.9,3.8,3,35,7,8.09,6.76,7.44,9.65,72.8,166.9,1967,2.23,26.13,64,5,0,14.61,39.58
18,25,Other,3rd Year,6.1,5.1,1.7,3,17,10,14.71,6.37,5.1,7.47,62.2,170.5,2121,2.06,21.4,73,3,0,12.74,23.08
19,25,Female,1st Year,4.4,4.2,1.4,0,2,10,13.79,16.48,5.47,8.61,74.5,161.8,1548,1.69,28.46,81,2,0,10.3,1.48
20,20,Other,3rd Year,9.0,4.5,1.6,0,27,2,18.67,17.92,5.51,10.17,65.3,168.6,2144,1.51,22.97,64,5,0,15.24,45.23
21,23,Other,3rd Year,6.5,11.9,3.7,3,69,9,16.58,21.66,5.76,7.88,71.2,166.5,2492,2.43,25.68,68,7,0,16.36,55.13
22,22,Female,4th Year,7.0,0.5,2.9,1,107,1,9.29,8.42,6.84,7.74,58.0,157.1,2426,3.17,23.5,61,7,0,17.04,61.16
23,19,Female,3rd Year,4.3,10.4,1.9,2,43,10,12.9,20.47,8.01,10.8,66.1,158.8,2024,2.34,26.21,64,7,0,16.79,58.94
24,25,Female,3rd Year,7.7,6.9,3.4,0,20,6,5.74,13.58,8.62,7.84,59.4,157.8,1860,1.51,23.85,68,3,0,12.47,20.71
25,21,Male,2nd Year,5.0,5.3,3.6,1,27,9,4.1,9.97,8.34,8.04,77.6,177.1,2335,1.86,24.74,68,5,1,17.49,65.13
26,23,Male,4th Year,8.5,8.7,3.5,4,103,1,10.63,3.26,5.79,10.88,70.8,165.1,2680,2.88,25.97,64,7,1,19.2,80.27
27,23,Male,4th Year,5.0,5.8,3.8,0,53,4,6.08,15.76,6.76,9.94,79.0,173.9,2653,2.33,26.12,60,7,1,19.3,81.11
28,19,Other,4th Year,5.0,10.5,1.8,1,53,4,15.56,17.0,5.8,9.8,67.3,169.8,2073,2.29,23.34,63,7,0,17.31,63.52
29,25,Female,4th Year,4.2,10.8,3.3,1,64,9,13.29,8.92,6.06,10.41,81.7,162.4,2100,2.52,30.98,64,7,0,15.38,46.46
30,21,Other,4th Year,6.4,5.1,2.4,2,99,5,7.03,9.62,7.01,7.46,57.5,167.8,2609,3.14,20.42,59,7,0,17.73,67.21
31,22,Male,4th Year,6.8,3.3,3.5,2,20,5,13.89,15.36,5.27,9.82,65.9,180.5,2440,1.52,20.23,68,3,1,16.16,53.34
32,18,Female,1st Year,4.3,7.1,3.2,4,106,6,9.64,3.44,5.87,9.01,79.5,165.5,2230,2.98,29.02,71,7,0,16.21,53.73
33,21,Other,3rd Year,7.9,10.9,3.3,1,98,1,18.11,5.1,8.74,10.32,63.5,168.7,2334,2.98,22.31,61,7,0,17.35,63.83
34,19,Female,4th Year,6.3,2.5,3.0,5,12,1,9.4,17.52,6.86,9.03,65.8,155.6,1768,1.99,27.18,75,3,0,12.3,19.16
35,23,Other,3rd Year,6.6,7.5,1.5,1,56,9,3.91,17.22,6.78,9.48,65.1,162.5,2361,2.09,24.65,65,7,0,16.63,57.48
36,22,Female,3rd Year,6.2,7.6,2.6,2,48,3,3.76,11.75,5.06,8.91,72.5,163.4,1879,2.26,27.15,60,7,0,16.45,55.93
37,21,Male,1st Year,6.0,8.8,4.0,5,117,4,6.79,6.53,5.99,8.91,82.8,176.8,2661,2.99,26.49,64,7,1,19.32,81.27
38,18,Male,4th Year,6.8,1.6,3.8,0,53,1,6.34,21.12,8.47,10.07,78.0,178.7,2490,2.36,24.43,56,7,1,20.21,89.15
39,18,Female,2nd Year,4.8,8.6,1.1,0,9,9,10.28,8.13,5.66,9.51,63.9,157.9,1874,1.49,25.63,75,3,0,12.66,22.38
40,20,Other,1st Year,4.9,10.9,1.5,3,52,8,9.72,9.04,6.66,9.53,72.3,181.1,2140,2.41,22.04,61,7,0,17.49,65.12
41,20,Male,2nd Year,8.3,2.2,1.4,2,43,2,19.19,17.37,5.06,8.8,82.9,168.2,2530,1.98,29.3,68,7,1,18.82,76.86
42,24,Male,3rd Year,8.7,2.9,3.2,3,46,8,12.68,8.37,6.91,9.12,79.1,181.7,2512,2.57,23.96,62,7,1,19.51,82.95
43,19,Male,3rd Year,5.9,11.7,3.5,5,52,7,12.53,3.2,5.08,9.98,67.5,173.3,2371,2.12,22.48,61,7,1,20.29,89.87
44,25,Female,1st Year,5.4,2.2,1.6,2,73,6,1.87,21.06,8.28,10.3,64.7,161.5,2192,2.76,24.81,62,7,0,16.49,56.27
45,21,Female,1st Year,7.2,10.3,2.5,4,45,1,12.95,15.61,8.3,9.79,73.6,162.1,1998,2.72,28.01,60,7,0,16.41,55.52
46,21,Other,2nd Year,6.0,5.9,3.5,1,12,7,10.46,13.24,8.15,10.7,60.3,172.4,1952,1.78,20.29,72,3,0,13.36,28.56
47,25,Other,4th Year,4.1,3.0,3.2,4,36,10,10.8,4.01,6.13,10.28,74.4,166.4,2227,2.03,26.87,66,5,0,14.02,34.41
48,24,Other,2nd Year,4.8,10.4,2.6,5,101,7,8.63,2.75,8.35,9.25,54.4,162.1,2460,3.19,20.7,63,7,0,17.26,63.07
49,23,Female,1st Year,7.6,5.3,2.8,2,23,9,6.29,13.12,7.17,9.69,52.0,163.3,1932,1.92,19.5,69,5,0,15.39,46.47
50,23,Female,2nd Year,7.3,6.2,2.5,5,1,1,17.27,7.0,6.5,10.71,63.2,156.7,1810,1.29,25.74,77,2,0,11.08,8.41
51,24,Other,1st Year,4.1,4.3,1.9,1,85,2,10.9,11.37,7.5,9.48,73.0,170.5,2533,2.99,25.11,64,7,0,16.48,56.17
52,23,Other,2nd Year,5.1,7.1,2.7,0,80,9,4.66,11.24,5.05,10.3,59.6,158.4,2451,2.8,23.75,61,7,0,16.9,59.89
53,20,Female,1st Year,5.2,2.0,3.1,0,99,9,12.27,16.44,5.57,9.76,92.8,165.1,2352,3.21,34.05,64,7,0,15.36,46.27
54,21,Other,1st Year,7.4,4.7,3.6,5,13,6,16.15,17.66,7.97,9.21,73.9,174.7,2033,1.85,24.21,78,3,0,12.51,21.06
55,24,Male,1st Year,4.1,11.6,2.9,3,9,6,8.25,16.24,5.98,7.97,72.6,169.6,2196,1.65,25.24,82,3,1,14.69,40.31
56,21,Female,4th Year,4.5,3.1,3.3,2,34,4,4.7,10.87,7.39,8.7,47.1,175.9,2038,1.69,15.22,65,5,0,16.43,55.74
57,25,Other,2nd Year,8.0,7.9,1.5,2,24,4,20.67,21.42,6.54,10.87,77.8,164.7,2126,1.64,28.68,71,5,0,13.56,30.35
58,18,Female,2nd Year,4.9,3.9,2.4,0,2,5,5.69,3.86,8.42,9.63,67.4,157.7,1736,1.57,27.1,82,2,0,11.2,9.45
59,20,Male,2nd Year,7.3,9.3,1.0,4,110,3,4.75,18.87,8.81,9.26,68.5,175.3,2964,3.28,22.29,62,7,1,20.19,89.0
60,22,Female,1st Year,5.2,1.6,1.7,1,101,1,12.31,17.6,8.53,10.73,63.5,149.8,2238,3.19,28.3,68,7,0,16.02,52.08
61,20,Female,2nd Year,4.5,11.6,3.2,4,16,1,1.35,11.63,6.08,9.35,61.1,157.2,1930,1.91,24.72,74,3,0,12.65,22.23
62,24,Female,2nd Year,5.2,5.4,4.0,4,11,7,5.48,7.8,5.78,9.1,59.3,154.8,1807,1.53,24.75,77,3,0,12.15,17.87
63,22,Female,1st Year,7.6,2.8,1.3,5,53,1,5.75,20.09,6.9,10.04,65.2,172.6,1938,2.48,21.89,57,7,0,17.44,64.65
64,18,Male,3rd Year,8.3,0.9,2.2,0,115,1,6.3,15.65,5.03,9.85,85.3,189.9,2623,3.13,23.65,58,7,1,20.28,89.78
65,24,Female,1st Year,8.2,2.0,3.4,0,23,3,18.84,2.63,5.1,7.77,56.3,169.6,1959,2.0,19.57,71,5,0,15.21,44.94
66,19,Female,2nd Year,6.0,6.2,1.6,0,28,10,17.44,16.75,7.21,8.89,61.5,156.4,1615,1.72,25.14,74,5,0,14.68,40.19
67,21,Other,1st Year,7.3,4.0,2.7,5,42,4,12.26,15.74,7.08,8.89,56.8,166.2,2373,1.84,20.56,60,5,0,15.67,49.03
68,18,Female,3rd Year,5.0,9.9,3.2,3,24,4,16.46,5.27,8.98,8.51,63.0,159.4,2064,1.57,24.79,74,5,0,14.83,41.6
69,21,Other,1st Year,5.5,5.2,2.8,4,99,2,13.28,21.0,5.81,9.07,68.1,176.1,2396,3.08,21.96,62,7,0,17.38,64.1
70,23,Male,2nd Year,8.5,3.0,1.6,5,59,1,3.34,12.71,6.03,8.65,69.0,176.4,2501,2.31,22.17,59,7,1,20.0,87.31
71,19,Male,3rd Year,4.1,7.4,2.1,2,89,3,4.69,14.41,5.45,7.8,81.6,175.8,2803,2.59,26.4,65,7,1,19.5,82.9
72,19,Male,4th Year,4.4,8.5,3.4,1,101,4,8.77,15.67,8.67,8.65,55.5,189.9,2689,3.13,15.39,63,7,1,21.43,100.0
73,18,Male,2nd Year,5.0,2.0,2.7,3,64,3,3.98,16.29,8.11,7.29,68.8,177.0,2499,2.36,21.96,61,7,1,20.48,91.53
74,19,Other,3rd Year,4.1,2.0,1.0,2,83,8,5.54,20.17,8.29,9.3,75.6,163.9,2450,2.61,28.14,69,7,0,16.32,54.71
75,22,Female,3rd Year,4.9,0.4,3.3,4,118,10,12.99,15.7,8.61,10.41,64.5,167.4,2471,3.4,23.02,53,7,0,17.37,64.01
76,19,Male,4th Year,6.9,8.8,1.1,0,27,1,17.78,21.14,7.1,9.9,69.4,169.2,2409,2.03,24.24,72,5,1,17.66,66.59
77,21,Female,1st Year,6.1,8.0,3.2,4,15,2,11.2,6.38,6.8,8.44,62.9,161.9,2002,1.61,24.0,75,3,0,12.64,22.18
78,21,Other,1st Year,8.5,5.7,1.6,5,46,7,6.54,14.04,6.32,7.35,66.2,171.8,2208,2.41,22.43,60,7,0,17.36,63.92
79,24,Other,2nd Year,8.1,10.1,3.9,1,80,4,12.84,13.12,7.36,7.81,75.3,173.8,2530,2.7,24.93,63,7,0,16.54,56.71
80,21,Other,4th Year,5.7,9.7,2.1,5,103,8,8.0,4.13,6.82,9.18,65.2,172.8,2547,3.02,21.84,55,7,0,17.61,66.14
81,24,Male,1st Year,5.3,7.0,2.0,3,91,3,20.02,8.84,6.81,7.83,81.0,175.7,2573,3.28,26.24,63,7,1,19.09,79.25
82,21,Female,4th Year,5.9,10.4,1.4,3,57,6,6.29,21.84,8.75,9.18,52.3,156.0,2200,2.51,21.49,61,7,0,17.49,65.07
83,22,Female,1st Year,7.0,2.5,1.9,1,75,9,4.93,3.14,8.94,7.93,67.0,165.7,2173,2.45,24.4,67,7,0,16.71,58.21
84,25,Female,3rd Year,5.3,1.3,3.6,2,26,1,7.16,17.26,8.19,10.4,56.6,162.5,2027,1.86,21.43,67,5,0,14.92,42.32
85,24,Other,1st Year,7.1,3.2,4.0,2,117,1,1.69,19.85,8.03,8.59,65.1,162.2,2626,3.14,24.74,60,7,0,16.66,57.78
86,20,Male,4th Year,6.0,0.7,2.1,3,52,8,4.64,6.64,7.72,7.98,77.4,169.2,2484,2.18,27.04,63,7,1,19.35,81.59
87,23,Other,3rd Year,6.8,6.4,2.3,3,41,3,3.04,11.99,5.66,10.25,70.1,164.7,2060,1.83,25.84,67,5,0,14.37,37.46
88,18,Other,3rd Year,6.2,11.2,3.2,0,58,5,2.4,13.32,5.24,8.37,66.1,163.0,2321,2.67,24.88,64,7,0,17.12,61.83
89,21,Female,3rd Year,5.5,0.5,3.7,2,46,1,5.17,17.01,7.76,7.45,60.7,167.1,2028,1.99,21.74,59,7,0,17.5,65.23
90,19,Other,4th Year,8.7,1.5,2.8,1,93,5,7.84,11.05,7.92,9.28,65.4,167.9,2497,2.73,23.2,63,7,0,17.34,63.74
91,25,Female,2nd Year,7.8,5.4,2.2,2,104,6,21.88,16.51,5.19,9.33,74.3,165.1,2309,3.14,27.26,64,7,0,16.02,52.05
92,21,Male,2nd Year,4.7,11.2,2.2,0,33,8,12.22,3.97,8.71,9.86,71.0,179.8,2387,2.0,21.96,68,5,1,17.97,69.31
93,19,Female,2nd Year,8.3,3.8,3.1,5,36,3,10.01,17.7,5.36,7.96,55.8,162.6,1982,2.14,21.11,61,5,0,15.75,49.72
94,23,Male,4th Year,6.4,6.1,1.0,3,5,3,15.62,4.31,6.14,8.78,84.6,185.2,2440,1.42,24.67,79,2,1,13.98,34.01
95,23,Female,3rd Year,8.5,0.5,2.9,3,6,10,15.32,10.81,7.69,8.13,63.5,167.2,2048,1.43,22.71,77,2,0,11.6,12.96
96,23,Other,2nd Year,8.0,1.8,2.1,0,95,9,1.82,5.43,5.68,7.32,62.6,162.1,2262,2.82,23.82,57,7,0,17.01,60.85
97,19,Other,4th Year,6.1,11.8,3.4,1,95,4,3.27,7.74,5.22,10.51,69.4,162.7,2509,3.3,26.22,64,7,0,16.79,58.93
98,21,Male,2nd Year,4.1,11.6,1.3,3,116,4,4.17,8.07,6.32,9.92,69.2,181.7,2690,3.34,20.96,61,7,1,20.35,90.38
99,23,Male,1st Year,5.3,0.1,2.8,4,24,7,13.47,15.51,8.06,8.21,93.3,165.8,2437,1.77,33.94,75,5,1,15.52,47.66
100,22,Male,2nd Year,6.7,11.4,2.4,3,32,2,21.71,17.32,6.65,9.4,88.5,163.0,2348,2.23,33.31,70,5,1,15.88,50.83
101,24,Female,2nd Year,7.2,7.7,2.9,4,54,8,20.32,17.78,7.61,7.81,57.2,152.4,2070,2.32,24.63,58,7,0,16.74,58.49
102,19,Female,3rd Year,5.3,10.4,1.2,0,57,6,15.44,4.86,7.32,10.56,67.0,159.3,1978,2.33,26.4,62,7,0,16.82,59.18
103,19,Male,4th Year,4.7,5.5,2.7,0,6,3,21.67,5.59,5.09,7.46,80.1,175.8,2301,1.37,25.92,79,2,1,14.16,35.66
104,21,Other,3rd Year,8.2,6.2,2.7,3,115,9,21.64,13.19,8.95,7.02,79.5,157.3,2608,3.08,32.13,64,7,0,15.59,48.26
105,19,Female,3rd Year,8.9,5.9,2.7,2,56,5,2.75,19.35,5.17,9.01,62.9,171.3,2197,2.35,21.44,60,7,0,17.73,67.19
106,19,Female,3rd Year,6.6,8.0,2.8,4,11,8,7.17,14.35,8.87,9.33,76.0,174.4,1830,1.86,24.99,79,3,0,12.55,21.4
107,23,Female,3rd Year,4.9,1.7,3.0,1,15,7,15.51,9.61,7.2,9.32,72.9,165.9,1778,1.86,26.49,82,3,0,11.81,14.8
108,21,Male,3rd Year,5.4,0.4,3.4,3,79,8,19.21,12.91,8.85,7.22,57.4,182.4,2476,2.28,17.25,59,7,1,21.04,96.49
109,23,Male,2nd Year,4.1,3.7,1.8,1,42,7,11.26,6.4,5.46,8.26,82.2,173.1,2560,2.14,27.43,65,5,1,16.93,60.11
110,24,Male,3rd Year,8.6,8.5,3.5,3,116,3,21.89,2.05,6.96,9.0,61.2,186.4,2609,3.23,17.61,58,7,1,20.71,93.56
111,25,Male,3rd Year,4.6,2.4,2.5,2,99,2,2.29,18.18,5.68,7.87,74.7,177.7,2488,2.97,23.66,56,7,1,19.64,84.11
112,24,Male,4th Year,6.9,8.1,1.2,2,76,7,13.29,12.81,5.2,10.49,81.7,165.9,2616,2.45,29.68,66,7,1,18.41,73.27
113,25,Other,1st Year,5.4,11.6,1.2,2,6,3,13.55,13.38,7.47,7.35,58.5,164.4,2023,1.78,21.64,78,2,0,11.55,12.53
114,23,Other,2nd Year,6.8,1.1,2.0,5,99,3,13.8,15.91,5.83,8.95,72.5,161.1,2441,2.83,27.93,72,7,0,15.86,50.68
115,24,Male,2nd Year,7.3,8.1,3.4,2,110,2,20.54,18.04,7.35,9.77,64.6,174.3,2694,2.91,21.26,60,7,1,20.03,87.53
116,21,Female,2nd Year,8.1,5.3,3.1,0,50,4,8.6,20.69,5.45,8.05,62.3,173.8,1980,2.29,20.62,61,7,0,17.63,66.37
117,18,Male,3rd Year,5.0,10.4,3.4,0,72,8,6.61,4.26,6.33,9.5,72.8,174.2,2621,2.73,23.99,62,7,1,20.1,88.21
118,23,Other,3rd Year,4.1,2.1,2.6,5,31,1,7.8,13.6,8.13,10.32,62.8,164.3,2127,1.5,23.26,64,5,0,14.9,42.13
119,25,Other,3rd Year,4.7,8.3,2.3,4,74,1,19.09,12.06,6.75,7.76,80.3,157.4,2534,2.56,32.41,69,7,0,14.99,42.97
120,22,Female,4th Year,8.5,10.1,1.4,1,7,5,9.84,3.66,7.51,10.67,64.5,165.5,2142,1.83,23.55,81,2,0,11.44,11.53
121,25,Other,1st Year,8.4,11.3,2.0,3,96,5,10.04,6.47,7.59,9.21,59.4,167.1,2319,2.98,21.27,63,7,0,17.06,61.32
122,22,Male,3rd Year,7.0,8.2,2.3,3,86,1,3.76,19.39,8.38,8.2,60.8,169.7,2565,2.57,21.11,57,7,1,20.34,90.33
123,19,Female,1st Year,7.0,6.0,1.3,5,88,6,14.04,10.69,6.3,8.72,69.1,172.1,2239,3.12,23.33,66,7,0,17.22,62.74
124,24,Male,4th Year,7.3,7.4,1.7,0,119,1,14.2,13.15,7.75,8.25,66.4,175.5,2947,3.39,21.56,56,7,1,20.1,88.15
125,22,Male,2nd Year,4.9,10.4,2.8,3,71,5,9.01,6.06,8.85,9.9,73.1,167.7,2467,2.29,25.99,65,7,1,19.27,80.86
126,25,Female,3rd Year,8.6,6.8,3.2,0,44,9,8.71,7.52,7.92,10.19,77.3,167.6,1880,2.27,27.52,71,7,0,15.76,49.8
127,19,Male,1st Year,6.1,0.4,4.0,4,85,5,12.15,8.19,6.96,10.33,70.1,170.4,2565,2.6,24.14,59,7,1,20.07,87.89
128,18,Other,1st Year,5.9,11.2,3.8,1,58,6,12.7,15.19,7.52,10.94,60.5,168.3,2317,2.36,21.36,59,7,0,17.87,68.45
129,21,Male,3rd Year,6.6,8.3,2.9,4,3,8,11.62,5.9,7.96,10.17,65.9,173.3,2157,1.7,21.94,80,2,1,14.61,39.61
130,21,Female,2nd Year,4.2,8.1,2.3,5,103,1,3.92,20.95,7.45,9.41,54.2,165.0,2324,3.2,19.91,58,7,0,17.85,68.24
131,21,Female,2nd Year,4.8,2.6,2.9,2,66,2,12.32,18.81,5.07,8.36,66.3,152.0,2063,2.6,28.7,60,7,0,16.29,54.49
132,22,Female,2nd Year,7.7,7.9,3.4,2,28,9,2.26,15.29,5.78,9.18,47.6,157.4,1777,1.93,19.21,66,5,0,15.62,48.58
133,18,Male,4th Year,4.4,4.7,1.4,2,104,3,11.42,20.46,8.24,7.16,66.0,176.8,2783,2.73,21.11,57,7,1,20.74,93.87
134,22,Female,1st Year,7.0,7.8,2.2,4,28,6,2.07,17.3,6.09,9.98,52.3,161.6,1874,1.93,20.03,68,5,0,15.43,46.83
135,24,Female,1st Year,5.2,1.3,3.5,3,97,5,4.51,5.4,7.93,8.78,58.9,156.8,2385,2.84,23.96,59,7,0,16.83,59.23
136,22,Male,1st Year,5.9,7.9,2.2,1,97,2,14.39,3.03,6.49,7.08,63.7,180.8,2737,3.24,19.49,64,7,1,20.41,90.92
137,18,Other,4th Year,5.4,12.0,2.7,2,27,7,3.86,15.91,7.09,7.25,60.8,150.7,2192,1.86,26.77,69,5,0,14.65,39.95
138,18,Male,1st Year,5.8,0.6,2.8,5,76,4,19.69,16.71,5.27,8.55,69.0,177.6,2588,2.61,21.88,60,7,1,20.52,91.92
139,24,Female,4th Year,7.6,11.7,1.6,5,78,1,2.57,16.4,5.72,9.33,64.0,169.0,2223,2.59,22.41,63,7,0,16.97,60.5
140,18,Female,2nd Year,5.5,4.9,2.1,2,86,4,8.74,16.45,8.83,8.86,58.5,159.1,2269,2.71,23.11,58,7,0,17.6,66.08
141,25,Male,3rd Year,6.8,10.4,2.0,2,43,6,20.86,21.28,8.56,9.48,95.8,177.0,2502,2.08,30.58,67,7,1,18.13,70.78
142,18,Other,1st Year,6.4,9.4,1.1,1,89,7,8.47,3.46,7.61,8.92,64.3,176.4,2241,2.63,20.66,64,7,0,17.84,68.17
143,21,Female,1st Year,7.3,6.8,1.1,2,3,7,1.54,17.73,6.84,9.65,59.2,150.8,1816,1.88,26.03,77,2,0,11.23,9.73
144,25,Female,2nd Year,8.7,8.9,3.5,1,89,7,20.53,13.6,7.7,7.88,60.2,164.0,2327,2.39,22.38,61,7,0,16.93,60.19
145,25,Female,3rd Year,7.7,10.5,1.8,5,103,3,10.35,21.81,7.47,7.45,68.2,163.4,2167,3.27,25.54,64,7,0,16.31,54.63
146,24,Male,4th Year,5.1,4.8,2.6,2,8,6,6.3,4.84,7.27,9.39,70.8,177.4,2303,2.07,22.5,80,2,1,14.22,36.12
147,20,Female,3rd Year,4.2,3.9,1.9,4,118,8,4.98,7.38,5.24,8.94,64.0,163.1,2344,3.1,24.06,58,7,0,17.24,62.89
148,20,Other,2nd Year,5.3,8.0,3.8,4,4,4,13.31,3.06,7.53,7.11,60.3,173.8,2027,1.46,19.96,73,2,0,12.49,20.81
149,18,Female,2nd Year,7.0,9.7,1.8,5,55,8,17.71,6.37,8.08,8.52,64.7,164.9,2178,2.22,23.79,63,7,0,17.34,63.73
150,25,Female,3rd Year,4.3,9.1,2.3,1,95,2,21.11,15.73,8.98,7.42,54.2,160.4,2230,3.0,21.07,61,7,0,17.16,62.17
151,20,Other,4th Year,6.5,9.6,3.6,4,83,10,9.83,17.04,5.04,9.13,59.7,173.3,2501,3.02,19.88,60,7,0,17.89,68.64
152,20,Female,4th Year,7.0,5.2,3.5,1,49,9,12.49,8.05,7.92,8.58,77.0,164.5,1967,1.99,28.46,66,7,0,16.25,54.15
153,18,Male,1st Year,5.7,9.8,1.6,4,74,9,2.08,14.72,7.29,9.45,90.0,162.5,2635,2.6,34.08,64,7,1,18.33,72.5
154,20,Male,4th Year,7.9,1.4,3.4,4,14,8,20.73,10.68,6.74,10.22,63.7,177.0,2514,1.74,20.33,74,3,1,16.16,53.36
155,22,Male,3rd Year,4.5,6.5,2.4,1,31,10,7.61,21.87,5.51,8.2,82.3,175.8,2403,2.01,26.63,70,5,1,17.01,60.88
156,19,Other,2nd Year,4.4,0.1,2.4,3,27,10,21.48,20.76,6.64,10.85,72.2,162.5,2323,2.17,27.34,69,5,0,14.45,38.21
157,24,Female,1st Year,7.6,3.9,1.4,4,21,1,18.4,11.29,6.42,9.14,57.9,171.6,1806,1.79,19.66,75,3,0,13.08,26.04
158,19,Male,1st Year,6.5,4.4,1.2,2,104,2,12.47,10.68,6.21,9.47,85.9,175.4,2550,3.37,27.92,66,7,1,19.21,80.35
159,18,Other,2nd Year,7.4,4.8,3.2,5,16,6,12.45,6.97,7.92,9.72,64.2,166.9,1978,1.41,23.05,70,3,0,13.25,27.59
160,21,Female,4th Year,6.2,8.3,2.5,3,58,10,7.6,19.36,7.8,9.67,62.6,166.9,1961,2.11,22.47,63,7,0,17.26,63.06
161,24,Other,2nd Year,5.2,4.7,2.3,1,89,5,2.89,11.74,7.36,9.04,83.0,165.6,2419,2.53,30.27,63,7,0,15.63,48.68
162,18,Male,4th Year,8.1,5.4,3.2,3,107,9,8.58,18.11,8.75,8.72,72.3,173.3,2465,3.09,24.07,64,7,1,20.03,87.55
163,25,Male,2nd Year,8.0,2.9,3.3,0,70,5,1.98,20.14,6.4,7.22,82.0,173.4,2734,2.78,27.27,68,7,1,18.66,75.49
164,21,Male,3rd Year,7.5,4.5,1.5,0,105,2,3.49,13.79,5.98,7.09,63.9,173.1,2982,3.09,21.33,58,7,1,20.37,90.63
165,19,Other,4th Year,5.4,2.7,2.8,4,56,10,9.73,18.73,7.62,8.43,67.8,168.1,2299,2.31,23.99,65,7,0,17.14,62.01
166,18,Other,3rd Year,7.0,0.9,1.4,4,25,4,4.49,17.56,5.8,8.33,63.1,164.0,2121,1.77,23.46,71,5,0,15.15,44.4
167,25,Male,1st Year,5.8,7.2,3.3,2,24,9,8.51,15.65,6.26,8.55,76.1,170.0,2294,2.16,26.33,75,5,1,16.61,57.34
168,24,Other,2nd Year,4.5,8.0,3.0,5,9,1,20.35,16.81,5.9,7.55,77.8,149.4,2169,1.22,34.86,87,3,0,10.13,0.0
169,24,Male,1st Year,8.6,7.4,3.9,3,44,1,6.45,20.25,5.28,9.95,71.3,172.6,2279,2.0,23.93,61,7,1,19.54,83.25
170,23,Male,1st Year,4.7,5.6,1.2,0,82,7,20.01,20.2,8.31,10.43,92.5,167.2,2703,2.98,33.09,64,7,1,18.0,69.57
171,25,Female,1st Year,8.8,4.6,1.2,4,10,3,9.52,18.14,6.02,10.75,53.0,166.3,1797,1.75,19.16,71,3,0,13.18,26.97
172,22,Other,1st Year,6.2,10.4,1.8,5,76,10,7.24,20.99,6.89,8.97,74.4,159.4,2355,2.57,29.28,63,7,0,16.0,51.93
173,20,Male,2nd Year,4.9,6.2,1.8,3,52,2,20.6,9.47,5.17,9.8,79.4,180.0,2423,2.51,24.51,62,7,1,19.81,85.67
174,21,Male,1st Year,6.7,5.8,1.7,4,71,9,17.15,16.25,7.8,10.42,81.2,167.4,2614,2.5,28.98,66,7,1,18.83,76.99
175,25,Other,2nd Year,8.4,0.3,3.7,4,103,3,2.77,16.41,6.32,8.67,56.7,170.3,2607,3.01,19.55,60,7,0,17.45,64.71
176,23,Female,2nd Year,7.7,4.1,1.7,0,67,2,9.06,15.36,7.98,8.24,70.4,158.9,2064,2.22,27.88,67,7,0,16.02,52.09
177,20,Female,3rd Year,8.0,4.6,1.8,0,110,8,16.83,8.74,6.65,10.75,66.8,152.7,2221,3.5,28.65,65,7,0,16.25,54.12
178,20,Male,4th Year,7.3,4.8,3.3,4,94,10,7.5,4.59,5.78,9.06,92.0,160.4,2691,2.89,35.76,70,7,1,17.66,66.61
179,18,Other,4th Year,7.5,7.0,2.3,1,27,6,9.47,6.82,7.05,8.99,71.6,164.2,2131,2.13,26.56,70,5,0,14.66,40.01
180,20,Female,2nd Year,8.2,6.4,3.3,4,74,6,11.47,7.45,5.52,7.71,63.2,162.7,2133,2.6,23.87,70,7,0,16.91,59.98
181,22,Other,3rd Year,5.2,7.3,1.2,5,106,10,1.5,12.31,6.76,7.43,52.6,170.2,2395,3.24,18.16,60,7,0,17.98,69.46
182,24,Other,2nd Year,6.4,9.2,2.5,4,64,7,7.65,8.12,6.27,10.37,66.3,169.2,2321,2.53,23.16,59,7,0,16.96,60.43
183,23,Male,2nd Year,5.1,9.8,1.1,2,48,7,14.12,10.94,8.65,9.46,67.2,171.2,2459,2.02,22.93,58,7,1,19.9,86.45
184,20,Female,2nd Year,8.9,8.6,1.2,2,46,6,5.2,17.67,5.24,8.3,48.4,164.4,2132,2.28,17.91,59,7,0,18.26,71.87
185,18,Male,3rd Year,8.7,11.5,3.7,2,51,4,3.42,17.83,7.78,7.77,84.8,176.8,2621,2.47,27.13,63,7,1,19.54,83.22
186,22,Female,4th Year,4.2,0.2,1.4,1,101,9,19.37,16.07,5.73,9.22,51.8,151.0,2242,3.02,22.72,63,7,0,17.12,61.8
187,19,Female,3rd Year,7.5,2.3,2.6,1,87,6,17.79,3.78,6.28,9.34,56.2,165.1,2253,2.65,20.62,61,7,0,17.83,68.15
188,24,Female,1st Year,8.6,0.1,2.2,4,53,4,17.46,11.05,6.66,7.83,50.7,158.3,1972,2.02,20.23,59,7,0,17.46,64.84
189,24,Female,3rd Year,4.9,7.8,2.0,2,59,3,7.48,7.32,8.63,10.41,70.4,156.1,2000,2.91,28.89,63,7,0,15.87,50.75
190,23,Female,3rd Year,6.8,10.8,3.7,1,56,4,9.34,15.07,5.97,7.34,63.5,165.0,1994,2.48,23.32,57,7,0,17.09,61.6
191,24,Other,3rd Year,8.6,2.9,1.1,0,46,3,9.0,13.85,5.37,8.42,69.1,164.0,2486,2.17,25.69,62,7,0,16.44,55.83
192,20,Male,3rd Year,4.2,11.1,3.0,4,30,2,2.24,19.49,6.27,9.72,68.0,183.0,2346,2.3,20.31,68,5,1,18.35,72.69
193,18,Other,4th Year,7.5,0.7,3.9,5,104,5,5.71,18.57,5.42,8.1,84.3,163.6,2590,2.95,31.5,67,7,0,15.91,51.08
194,24,Female,1st Year,5.5,11.2,2.7,3,45,2,19.31,5.45,5.51,10.31,69.8,165.8,2087,1.86,25.39,59,7,0,16.58,57.07
195,24,Male,4th Year,8.6,4.2,3.8,4,113,6,14.7,10.3,7.3,9.96,72.5,169.9,2757,3.32,25.12,63,7,1,19.28,80.94
196,19,Female,4th Year,8.9,1.2,1.2,3,25,3,12.86,15.25,5.24,10.16,51.3,163.1,1963,2.0,19.28,68,5,0,15.85,50.6
197,19,Male,3rd Year,8.7,5.8,2.3,2,112,6,13.68,5.94,5.12,7.48,85.8,178.9,2843,3.27,26.81,61,7,1,19.55,83.35
198,21,Other,2nd Year,6.4,3.1,1.8,3,113,10,7.94,17.07,7.86,7.56,53.1,167.5,2607,3.24,18.93,59,7,0,17.98,69.46
199,22,Male,2nd Year,8.3,3.4,3.2,2,4,9,3.27,2.48,6.45,8.15,62.2,176.9,2111,1.77,19.88,78,2,1,14.92,42.36
200,20,Male,4th Year,8.2,3.7,3.9,0,83,1,15.57,15.1,5.5,9.07,81.8,174.7,2617,2.75,26.8,60,7,1,19.48,82.74
201,24,Male,4th Year,5.6,9.6,1.8,3,51,6,10.41,15.25,6.01,9.99,69.8,181.6,2464,2.17,21.17,61,7,1,20.01,87.42
202,25,Male,3rd Year,8.1,6.5,3.0,4,104,9,5.42,15.76,7.57,10.35,71.9,172.0,2742,2.96,24.3,64,7,1,19.29,81.01
203,24,Male,4th Year,4.2,3.7,1.6,2,74,4,13.26,19.56,6.1,9.82,66.1,183.8,2551,2.52,19.57,62,7,1,20.25,89.56
204,18,Female,3rd Year,7.0,7.3,2.7,4,119,2,18.47,19.78,6.98,10.71,63.6,170.7,2498,2.99,21.83,64,7,0,17.64,66.42
205,21,Male,2nd Year,5.2,8.6,2.4,1,53,4,12.03,9.04,5.49,9.95,83.9,176.9,2473,2.51,26.81,60,7,1,19.38,81.84
206,22,Male,2nd Year,4.6,3.3,3.9,2,32,1,20.84,4.5,7.35,8.23,89.1,171.4,2589,1.91,30.33,68,5,1,16.44,55.84
207,25,Other,1st Year,4.4,5.0,2.8,3,49,3,2.21,6.19,6.26,8.06,81.1,164.9,2402,2.13,29.82,67,7,0,15.49,47.4
208,21,Male,2nd Year,7.5,1.5,2.0,2,37,10,20.43,19.18,7.51,9.78,72.2,172.1,2250,1.87,24.38,67,5,1,17.59,65.95
209,23,Other,4th Year,5.7,2.2,1.3,4,26,9,12.79,11.09,8.23,7.77,61.1,161.0,2126,1.94,23.57,71,5,0,14.63,39.81
210,22,Female,2nd Year,7.6,8.2,1.5,0,97,10,10.87,19.89,7.45,7.37,54.0,171.3,2383,2.91,18.4,70,7,0,17.64,66.44
211,24,Male,3rd Year,4.3,2.2,1.7,2,14,5,1.31,21.09,6.18,9.13,81.7,174.7,2157,1.79,26.77,79,3,1,14.52,38.81
212,24,Other,2nd Year,5.6,6.3,1.8,3,95,6,18.51,8.87,6.02,10.29,72.4,169.2,2503,3.42,25.29,66,7,0,16.39,55.37
213,22,Other,1st Year,6.7,8.5,3.6,1,60,3,19.6,11.3,6.31,7.41,63.2,163.5,2237,2.29,23.64,65,7,0,16.9,59.88
214,24,Female,2nd Year,8.0,1.3,2.7,5,20,5,21.82,20.36,5.66,10.17,71.5,158.2,2042,1.69,28.57,78,3,0,11.47,11.85
215,20,Male,3rd Year,5.6,6.8,2.6,0,45,8,18.73,21.3,5.72,10.25,79.7,169.2,2369,2.3,27.84,64,7,1,19.19,80.12
216,22,Male,3rd Year,7.1,3.1,1.3,1,68,6,17.65,2.2,8.16,8.93,59.8,176.4,2694,2.88,19.22,61,7,1,20.54,92.12
217,21,Other,4th Year,8.4,11.6,3.6,2,5,4,8.76,21.4,6.54,7.23,64.5,163.7,2053,1.64,24.07,77,2,0,11.57,12.69
218,22,Male,2nd Year,7.1,5.8,3.2,4,37,2,17.39,13.11,6.74,7.7,95.1,179.6,2367,1.9,29.48,68,5,1,16.59,57.11
219,25,Other,3rd Year,5.2,9.7,1.2,4,61,9,21.57,11.91,7.38,9.83,61.4,158.3,2301,2.77,24.5,61,7,0,16.57,57.0
220,24,Male,1st Year,4.1,6.6,3.1,3,85,1,4.64,19.65,7.36,9.85,77.2,171.4,2623,3.01,26.28,64,7,1,19.05,78.93
221,20,Other,4th Year,8.4,0.5,2.6,4,61,1,14.32,18.62,5.27,10.59,63.2,185.7,2256,2.62,18.33,65,7,0,18.0,69.65
222,20,Male,1st Year,4.1,7.6,1.2,0,81,4,14.57,14.96,8.33,9.33,93.5,179.8,2663,2.64,28.92,60,7,1,19.12,79.55
223,23,Female,2nd Year,8.4,11.4,2.4,4,77,7,15.65,6.77,5.71,7.5,70.9,165.5,2267,2.76,25.89,65,7,0,16.42,55.62
224,21,Male,2nd Year,6.6,7.2,2.5,3,73,1,1.52,11.86,7.89,7.49,86.7,182.5,2703,2.72,26.03,59,7,1,19.54,83.28
225,19,Male,2nd Year,8.7,9.8,1.5,5,45,9,18.43,9.24,8.09,9.88,76.5,173.8,2545,2.01,25.33,61,7,1,19.8,85.58
226,19,Female,4th Year,8.0,10.6,3.8,2,12,4,3.14,2.3,7.86,7.74,58.9,164.2,1862,1.94,21.85,78,3,0,13.12,26.39
227,22,Male,3rd Year,9.0,2.7,3.5,2,94,3,5.69,6.64,7.32,8.31,75.5,176.3,2534,3.06,24.29,62,7,1,19.65,84.22
228,23,Female,4th Year,5.8,2.5,3.0,4,93,1,20.39,13.31,5.06,8.95,79.3,165.9,2234,2.94,28.81,62,7,0,16.01,52.02
229,18,Male,1st Year,7.8,7.3,2.4,1,2,10,1.28,13.07,6.44,7.1,90.8,176.7,2200,1.59,29.08,82,2,1,13.64,30.99
230,22,Other,4th Year,6.0,4.9,2.2,2,93,4,16.3,9.62,7.42,8.0,69.7,172.3,2420,2.93,23.48,64,7,0,16.96,60.4
231,23,Other,1st Year,6.4,10.1,3.0,5,5,9,19.93,8.69,6.55,8.63,58.8,175.5,2038,1.43,19.09,74,2,0,12.3,19.21
232,21,Male,4th Year,7.1,10.8,2.6,4,92,10,4.58,11.99,8.45,8.12,59.8,183.4,2604,2.96,17.78,59,7,1,20.95,95.7
233,21,Male,3rd Year,8.4,4.2,1.2,3,7,6,7.16,9.1,6.24,7.55,74.3,186.0,2179,1.98,21.48,77,2,1,14.78,41.1
234,21,Male,1st Year,8.9,2.8,2.5,5,43,6,9.04,21.53,6.17,9.91,53.0,164.9,2459,2.04,19.49,57,7,1,20.72,93.65
235,21,Other,2nd Year,7.8,9.4,3.4,4,108,1,18.72,13.41,6.06,10.25,74.4,160.9,2564,3.01,28.74,72,7,0,15.92,51.24
236,21,Male,2nd Year,6.1,3.3,2.4,5,106,10,11.95,16.42,6.33,8.03,83.7,166.0,2795,3.07,30.37,68,7,1,18.54,74.36
237,23,Other,4th Year,6.1,9.9,1.2,2,107,2,5.61,19.42,7.23,10.1,58.4,180.9,2382,2.97,17.85,52,7,0,18.18,71.17
238,23,Female,2nd Year,7.7,5.1,3.4,3,32,6,15.62,20.01,7.83,8.54,63.9,161.7,1935,2.05,24.44,68,5,0,14.58,39.3
239,20,Other,1st Year,5.2,8.0,1.6,4,80,2,15.45,9.94,7.65,9.03,81.0,159.2,2391,2.92,31.96,64,7,0,15.72,49.41
240,25,Other,2nd Year,4.6,1.1,1.8,0,111,3,21.93,11.53,8.23,10.42,72.1,170.4,2611,3.25,24.83,65,7,0,16.4,55.44
241,19,Female,3rd Year,5.8,7.5,1.5,3,74,4,18.34,16.93,8.54,10.0,72.6,165.9,2189,2.75,26.38,61,7,0,16.86,59.48
242,24,Other,3rd Year,5.4,5.4,2.0,0,76,5,3.62,12.58,8.26,10.22,81.0,167.4,2312,3.0,28.91,65,7,0,15.81,50.2
243,21,Male,4th Year,5.5,7.0,3.3,5,49,9,12.72,12.16,5.08,7.55,60.7,174.7,2457,2.1,19.89,61,7,1,20.53,91.99
244,18,Male,1st Year,5.2,2.0,2.6,1,10,4,1.33,18.1,7.94,7.28,68.5,180.9,2205,1.27,20.93,78,3,1,16.14,53.16
245,24,Other,3rd Year,4.2,8.8,1.6,3,94,9,13.69,8.96,5.83,10.57,46.2,164.8,2311,3.06,17.01,54,7,0,18.16,71.01
246,23,Male,3rd Year,4.1,10.4,3.6,5,27,10,6.98,6.38,5.53,8.55,79.3,180.5,2238,1.9,24.34,69,5,1,17.33,63.7
247,18,Other,1st Year,8.9,2.6,3.6,0,107,3,16.08,6.17,7.55,8.15,57.6,168.0,2685,3.28,20.41,58,7,0,18.06,70.15
248,18,Male,2nd Year,6.1,1.1,3.6,2,69,8,14.36,9.95,6.28,9.9,75.3,173.5,2565,2.13,25.01,61,7,1,19.96,86.94
249,18,Male,2nd Year,5.9,0.3,1.7,2,40,1,17.99,11.77,5.23,10.35,68.2,173.3,2299,2.04,22.71,68,5,1,18.14,70.85
250,20,Other,4th Year,7.4,7.7,2.4,1,15,9,14.71,20.78,5.55,10.45,73.8,180.6,2017,1.84,22.63,75,3,0,12.97,25.13
251,23,Male,2nd Year,5.1,7.3,4.0,3,67,9,10.51,16.24,5.0,8.26,84.2,184.8,2540,2.38,24.66,59,7,1,19.58,83.58
252,18,Other,1st Year,8.7,6.6,3.3,3,98,10,1.17,20.13,8.61,10.41,71.5,172.9,2579,3.1,23.92,65,7,0,17.25,63.01
253,21,Male,3rd Year,7.9,2.8,1.1,3,47,2,8.05,2.72,5.1,7.16,69.6,182.3,2566,2.24,20.94,66,7,1,20.2,89.08
254,22,Male,2nd Year,4.4,4.7,1.2,5,55,4,17.82,19.3,5.84,7.2,68.1,189.5,2648,2.36,18.96,62,7,1,20.56,92.23
255,18,Female,4th Year,6.1,7.1,2.4,1,63,8,21.06,18.96,6.67,9.49,58.1,158.1,2082,2.53,23.24,57,7,0,17.61,66.15
256,20,Female,2nd Year,8.4,6.0,3.7,3,58,7,19.35,4.21,6.43,7.25,57.4,165.1,2087,2.8,21.06,59,7,0,17.72,67.13
257,24,Other,1st Year,8.7,11.9,2.6,5,89,1,10.19,3.12,8.65,8.3,71.9,180.1,2448,2.86,22.17,65,7,0,16.95,60.33
258,23,Female,4th Year,6.3,1.6,2.5,2,61,5,5.93,6.68,5.16,9.69,53.8,165.7,2079,2.08,19.59,57,7,0,17.73,67.21
259,25,Other,2nd Year,7.1,8.3,1.3,0,120,7,2.25,21.89,7.05,8.35,73.8,170.8,2551,3.61,25.3,64,7,0,16.35,55.0
260,20,Female,4th Year,4.8,4.9,3.0,5,75,4,21.67,21.97,7.72,7.72,50.3,154.6,2197,2.83,21.05,62,7,0,17.63,66.36
261,18,Male,1st Year,9.0,5.1,3.5,2,10,1,11.02,14.44,8.73,8.13,70.4,186.8,2357,1.64,20.18,72,3,1,16.45,55.9
262,23,Other,3rd Year,5.2,8.6,2.1,2,100,9,12.11,19.13,7.48,8.83,76.0,166.8,2565,2.68,27.32,64,7,0,16.21,53.74
263,22,Other,1st Year,8.7,8.3,3.3,0,88,5,8.22,21.63,8.22,8.9,80.4,178.3,2377,2.9,25.29,53,7,0,16.98,60.59
264,18,Male,1st Year,7.2,11.9,3.9,2,17,2,10.25,12.72,5.33,10.13,77.6,178.5,2229,1.62,24.35,71,3,1,15.77,49.87
265,20,Other,1st Year,7.0,1.5,1.6,1,18,8,7.57,3.14,6.54,10.0,78.6,167.8,2144,1.7,27.92,75,3,0,12.07,17.17
266,19,Other,1st Year,6.6,1.2,2.6,0,86,2,8.18,15.52,6.5,8.83,45.0,173.4,2544,2.44,14.97,54,7,0,19.01,78.51
267,21,Female,3rd Year,5.2,8.7,1.9,2,54,3,19.54,8.78,8.55,10.38,53.0,159.8,1940,2.54,20.75,65,7,0,17.49,65.11
268,25,Other,3rd Year,4.9,6.9,3.4,4,101,10,5.21,8.96,5.61,7.46,71.1,164.7,2500,3.11,26.21,59,7,0,16.34,54.96
269,24,Male,4th Year,5.1,3.3,2.7,5,117,1,19.41,16.98,5.61,8.02,62.2,175.5,2884,3.16,20.19,58,7,1,20.27,89.67
270,20,Female,2nd Year,4.9,1.0,2.9,2,81,2,7.33,8.99,6.31,10.31,58.6,152.7,2355,2.89,25.13,63,7,0,16.91,59.94
271,23,Female,3rd Year,7.9,1.0,3.4,1,25,7,13.26,17.75,5.22,8.51,59.2,159.9,1892,2.29,23.15,74,5,0,14.61,39.64
272,25,Male,3rd Year,5.8,10.7,2.2,3,5,10,11.21,19.56,5.73,10.92,79.3,177.7,2328,1.62,25.11,76,2,1,13.79,32.36
273,25,Male,2nd Year,4.3,2.3,3.7,2,3,2,3.03,7.97,8.86,8.87,73.0,173.2,2207,1.54,24.33,84,2,1,13.68,31.41
274,25,Female,3rd Year,8.8,3.9,2.6,3,107,6,3.31,19.73,6.71,10.17,62.4,166.4,2408,3.09,22.54,61,7,0,16.91,59.95
275,18,Other,1st Year,8.4,2.7,1.5,4,114,3,4.83,2.06,7.53,8.61,50.0,168.6,2661,3.28,17.59,55,7,0,18.63,75.18
276,21,Female,1st Year,8.6,4.3,3.1,2,28,4,11.29,18.33,7.9,8.7,45.0,168.0,2148,1.89,15.94,66,5,0,16.28,54.38
277,18,Male,2nd Year,9.0,0.8,3.4,0,58,8,6.54,10.12,6.47,8.53,64.6,182.8,2551,2.16,19.33,59,7,1,20.98,96.02
278,23,Female,4th Year,4.9,6.2,2.0,3,97,3,11.23,13.77,5.59,9.88,77.3,158.3,2265,3.0,30.85,64,7,0,15.61,48.42
279,18,Male,4th Year,6.0,0.8,3.6,4,16,10,3.74,19.47,5.83,9.19,80.0,181.1,2295,1.81,24.39,75,3,1,15.64,48.75
280,19,Female,2nd Year,7.8,9.6,3.7,0,106,6,13.54,21.44,6.25,10.78,61.5,176.4,2350,3.3,19.76,58,7,0,18.07,70.23
281,21,Other,2nd Year,7.5,2.8,1.8,0,42,1,1.63,9.55,7.54,8.0,78.7,175.7,2273,1.9,25.49,64,5,0,14.72,40.55
282,21,Female,1st Year,4.8,6.5,4.0,0,116,7,2.42,5.86,6.59,7.4,52.8,171.8,2410,3.09,17.89,60,7,0,18.13,70.75
283,23,Female,4th Year,8.1,10.6,1.4,0,79,8,6.43,5.16,5.03,8.57,64.6,161.6,2227,2.77,24.74,67,7,0,16.55,56.82
284,24,Male,3rd Year,5.1,7.8,1.6,2,65,8,16.13,12.35,7.09,9.47,79.5,186.3,2500,2.67,22.91,58,7,1,19.81,85.6
285,19,Male,1st Year,5.1,6.4,1.6,5,33,3,19.24,6.45,8.69,10.44,62.7,183.3,2424,2.14,18.66,69,5,1,18.7,75.79
286,20,Male,2nd Year,6.7,3.9,3.7,2,118,10,4.05,8.54,8.25,8.38,88.8,172.9,2774,3.3,29.7,60,7,1,18.99,78.38
287,18,Female,4th Year,7.0,4.0,3.0,2,7,1,18.53,7.51,8.3,9.62,62.1,161.0,1725,1.32,23.96,78,2,0,11.86,15.25
288,22,Other,3rd Year,6.9,8.0,1.5,4,12,9,4.06,12.15,8.18,8.4,60.4,179.2,1960,1.25,18.81,75,3,0,13.42,29.1
289,18,Male,3rd Year,4.5,11.9,2.3,4,105,6,11.69,9.33,6.29,9.47,61.8,170.5,2889,3.28,21.26,61,7,1,20.6,92.59
290,25,Male,1st Year,8.4,7.9,2.8,5,7,9,13.46,5.89,8.06,10.54,97.5,170.2,2333,1.54,33.66,81,2,1,12.19,18.18
291,18,Female,4th Year,5.3,6.7,1.3,4,93,7,3.03,14.04,5.57,7.93,80.3,147.0,2126,2.57,37.16,65,7,0,15.0,43.08
292,20,Male,4th Year,4.6,8.8,3.6,1,95,1,9.32,5.88,7.63,8.62,99.4,182.2,2813,3.04,29.94,64,7,1,18.83,76.95
293,18,Other,2nd Year,8.4,5.6,3.4,5,99,1,9.89,10.16,7.57,10.97,75.7,172.2,2570,3.04,25.53,61,7,0,17.1,61.65
294,19,Other,4th Year,8.8,0.7,2.5,4,110,6,10.27,18.68,5.1,10.47,67.4,168.7,2474,3.09,23.68,64,7,0,17.22,62.74
295,19,Male,4th Year,8.3,6.7,3.9,5,93,5,14.21,21.51,8.15,9.26,74.0,163.1,2566,2.67,27.82,66,7,1,19.23,80.51
296,21,Male,1st Year,8.0,11.5,2.3,2,64,9,5.5,14.74,8.61,9.07,88.9,176.3,2611,2.15,28.6,63,7,1,18.99,78.35
297,23,Female,4th Year,7.3,2.1,4.0,2,42,2,16.69,11.07,6.07,8.14,69.5,156.1,1911,2.09,28.52,68,5,0,13.88,33.16
298,24,Other,3rd Year,6.8,8.3,3.0,5,38,8,2.28,5.2,8.25,9.07,59.3,171.9,2200,1.8,20.07,63,5,0,15.37,46.32
299,22,Other,1st Year,4.4,2.4,2.9,1,80,5,3.23,19.45,5.33,10.39,70.9,163.8,2240,2.79,26.43,66,7,0,16.4,55.43
300,25,Male,1st Year,6.0,6.4,1.5,1,58,2,14.91,6.0,7.4,9.74,80.5,174.9,2512,2.64,26.32,65,7,1,18.92,77.72
301,18,Female,2nd Year,5.9,1.2,3.6,5,83,10,6.68,4.74,6.94,8.16,58.6,162.8,2227,2.85,22.11,58,7,0,17.77,67.59
302,18,Other,4th Year,5.3,5.4,2.3,4,87,6,9.96,18.99,7.18,7.81,68.4,168.3,2364,2.67,24.15,60,7,0,17.36,63.99
303,20,Other,2nd Year,7.6,9.1,1.5,3,113,10,14.91,4.97,8.7,8.06,83.7,158.2,2440,3.06,33.44,68,7,0,15.34,46.11
304,23,Female,3rd Year,6.5,4.2,1.0,1,85,8,1.24,2.17,8.49,7.68,69.2,157.7,2195,3.02,27.83,66,7,0,16.06,52.44
305,19,Female,1st Year,4.4,8.0,2.7,0,92,4,21.47,7.46,8.14,7.38,64.2,158.0,2176,3.31,25.72,63,7,0,16.91,59.95
306,22,Other,1st Year,5.1,9.5,2.6,2,85,2,16.69,6.3,6.09,8.68,70.8,159.7,2488,2.86,27.76,65,7,0,16.2,53.69
307,21,Other,1st Year,7.4,11.1,3.2,5,43,5,11.08,2.11,8.65,7.45,66.8,166.7,2219,2.12,24.04,66,7,0,16.9,59.91
308,19,Female,3rd Year,4.4,2.8,3.7,0,8,2,11.04,9.89,5.39,7.69,79.7,167.8,1784,1.35,28.31,79,2,0,10.99,7.55
309,25,Other,3rd Year,8.3,4.8,1.2,5,36,2,9.63,15.84,8.41,9.19,91.2,167.4,2099,2.37,32.54,71,5,0,12.91,24.54
310,23,Male,2nd Year,6.5,1.8,3.2,2,73,6,6.21,5.25,6.31,7.66,69.5,186.7,2621,2.92,19.94,59,7,1,20.38,90.68
311,25,Male,2nd Year,6.4,11.9,1.6,2,35,10,8.91,9.71,5.22,7.26,73.0,172.3,2316,1.82,24.59,65,5,1,17.21,62.62
312,24,Female,2nd Year,7.0,11.1,3.6,1,100,9,9.39,10.38,7.68,8.27,52.2,158.1,2303,2.85,20.88,63,7,0,17.23,62.79
313,21,Female,4th Year,8.1,6.5,3.5,1,91,4,20.88,16.93,5.93,7.88,49.6,163.4,2288,3.03,18.58,61,7,0,17.98,69.45
314,24,Female,1st Year,5.7,10.1,2.6,0,27,6,14.09,6.87,5.97,9.06,65.0,150.0,2057,1.66,28.89,75,5,0,13.51,29.86
315,20,Male,1st Year,7.4,6.3,3.1,5,41,7,17.13,20.37,6.22,7.41,79.2,186.7,2334,2.1,22.72,66,5,1,18.0,69.59
316,25,Other,2nd Year,6.8,7.5,1.9,2,42,6,16.43,3.51,5.25,10.01,68.7,171.9,2263,1.95,23.25,62,5,0,14.76,40.92
317,20,Male,1st Year,5.3,1.1,2.4,0,84,8,10.36,15.48,5.71,10.62,60.9,176.2,2608,2.58,19.62,61,7,1,20.68,93.29
318,18,Other,2nd Year,8.4,9.1,3.5,3,87,4,17.81,19.44,5.02,9.97,79.1,162.9,2544,2.93,29.81,65,7,0,16.25,54.15
319,24,Male,4th Year,8.0,1.5,2.4,0,41,1,15.83,13.15,6.78,9.13,71.8,167.4,2526,2.14,25.62,65,5,1,17.13,61.95
320,23,Other,4th Year,7.3,9.9,2.1,4,103,7,17.02,21.15,5.34,10.44,71.5,184.2,2534,2.98,21.07,60,7,0,17.39,64.19
321,25,Male,3rd Year,8.3,9.4,2.5,0,65,3,2.08,8.31,7.73,9.78,73.5,175.9,2595,2.67,23.76,62,7,1,19.44,82.37
322,22,Female,4th Year,8.3,8.5,3.5,4,54,6,2.16,3.95,5.94,7.04,51.4,157.3,1886,2.41,20.77,62,7,0,17.48,65.0
323,21,Male,2nd Year,7.5,0.4,2.0,4,71,2,9.19,5.25,8.77,8.58,53.5,167.3,2593,3.06,19.11,56,7,1,20.81,94.49
324,19,Other,4th Year,8.2,3.6,1.5,4,47,9,2.59,19.45,8.49,10.4,75.5,168.0,2243,2.19,26.75,70,7,0,16.52,56.53
325,23,Male,3rd Year,7.5,3.2,3.1,3,90,1,5.5,19.47,6.16,8.38,72.1,181.4,2676,2.91,21.91,58,7,1,20.08,87.98
326,23,Male,1st Year,7.4,4.3,3.5,0,21,6,9.61,5.73,8.13,7.14,84.9,170.3,2287,1.66,29.27,72,3,1,14.4,37.78
327,20,Male,2nd Year,7.1,1.1,1.3,0,100,6,21.86,3.51,8.21,9.98,66.0,178.8,2702,3.0,20.64,63,7,1,20.44,91.21
328,24,Female,1st Year,7.8,11.2,1.7,3,26,5,5.78,12.79,8.95,10.21,65.8,168.5,1927,2.05,23.18,72,5,0,14.57,39.26
329,25,Male,3rd Year,4.8,6.6,1.4,2,120,5,7.25,12.02,7.39,7.64,80.6,184.7,2801,3.04,23.63,64,7,1,19.4,82.03
330,25,Female,3rd Year,8.4,3.7,2.0,1,92,1,9.08,15.63,5.33,9.15,59.6,155.6,2199,2.84,24.62,64,7,0,16.47,56.03
331,18,Female,3rd Year,8.4,4.8,2.4,0,66,10,6.03,4.11,7.59,7.77,66.2,162.3,2122,2.59,25.13,63,7,0,17.11,61.71
332,18,Male,1st Year,4.1,5.4,3.2,1,107,5,11.23,9.1,7.5,9.88,55.2,175.5,2641,3.08,17.92,55,7,1,21.34,99.2
333,21,Male,1st Year,8.1,7.2,3.0,5,12,2,7.21,16.23,7.55,8.09,81.0,166.5,2413,1.92,29.22,80,3,1,14.37,37.51
334,20,Male,1st Year,4.6,6.2,2.9,5,44,7,2.36,16.02,6.23,8.26,89.9,173.5,2434,2.09,29.86,64,7,1,18.84,77.07
335,23,Other,1st Year,5.7,11.0,2.1,3,9,3,14.11,4.18,8.44,10.38,65.3,163.7,2006,1.67,24.37,81,3,0,12.2,18.26
336,25,Male,3rd Year,7.7,6.0,3.5,5,99,4,7.13,21.73,8.84,8.91,75.0,176.1,2738,3.22,24.18,62,7,1,19.37,81.72
337,22,Female,3rd Year,4.8,11.9,2.4,5,8,3,12.01,15.55,5.87,9.68,50.1,167.7,1584,1.81,17.81,72,2,0,12.68,22.54
338,20,Male,2nd Year,8.1,10.2,3.9,2,53,3,7.84,10.91,5.35,8.61,72.8,165.4,2347,1.93,26.61,63,7,1,19.43,82.23
339,21,Other,2nd Year,8.2,2.5,2.9,2,119,4,5.98,19.04,5.78,8.19,74.8,171.8,2537,2.77,25.34,64,7,0,16.74,58.48
340,21,Male,1st Year,6.5,11.2,1.4,2,118,5,21.05,20.16,8.28,9.5,78.9,171.2,2642,3.31,26.92,62,7,1,19.3,81.15
341,20,Other,4th Year,4.0,1.4,3.0,5,26,1,8.42,5.69,7.71,7.62,73.2,167.9,2141,1.7,25.97,69,5,0,14.59,39.39
342,21,Other,4th Year,5.4,9.8,2.0,3,33,4,17.24,4.11,7.54,8.49,66.6,176.4,2162,1.81,21.4,66,5,0,15.35,46.17
343,20,Male,3rd Year,7.1,4.6,3.1,4,114,8,7.93,5.53,6.61,7.84,66.2,171.9,2752,3.55,22.4,62,7,1,20.17,88.83
344,19,Female,3rd Year,8.9,10.5,1.2,4,0,10,12.17,4.02,7.31,9.78,49.1,153.8,1947,1.46,20.76,78,0,0,10.3,1.48
345,20,Other,3rd Year,7.2,10.4,1.5,1,31,7,5.76,10.94,6.23,10.78,77.4,163.3,2094,2.33,29.02,69,5,0,14.07,34.79
346,24,Male,2nd Year,5.3,9.7,3.6,4,88,9,19.41,5.75,6.91,10.98,70.1,179.7,2855,2.7,21.71,61,7,1,19.92,86.6
347,20,Male,2nd Year,7.2,9.5,1.7,4,92,5,8.85,14.32,8.17,8.8,78.0,180.2,2790,3.19,24.02,58,7,1,20.02,87.46
348,21,Female,3rd Year,6.7,3.7,3.5,2,70,10,16.15,8.67,8.92,8.01,56.0,162.2,2195,2.41,21.29,56,7,0,17.67,66.7
349,25,Other,3rd Year,7.9,1.0,1.8,2,112,4,4.09,2.22,8.73,8.77,69.2,182.1,2523,3.22,20.87,58,7,0,17.28,63.26
350,24,Other,3rd Year,4.5,4.8,2.9,5,66,8,2.5,17.49,8.74,10.39,59.3,158.6,2450,2.36,23.57,61,7,0,16.83,59.28
351,21,Male,4th Year,7.8,2.1,3.1,1,83,9,1.08,14.2,6.61,7.82,80.4,167.7,2733,2.89,28.59,66,7,1,18.9,77.58
352,18,Male,2nd Year,6.7,8.3,2.5,0,19,7,5.28,12.4,6.88,10.81,67.4,182.0,2152,2.09,20.35,75,3,1,16.33,54.84
353,18,Female,4th Year,8.8,4.2,1.9,1,116,7,6.17,19.24,7.82,8.37,60.0,160.1,2512,3.35,23.41,64,7,0,17.37,64.04
354,25,Female,4th Year,5.7,11.7,1.6,1,93,5,17.47,20.38,8.69,10.94,79.3,164.7,2200,3.08,29.23,65,7,0,15.65,48.82
355,25,Other,3rd Year,7.2,7.7,1.1,3,34,4,14.94,5.41,5.57,10.35,70.4,168.4,2322,2.11,24.82,67,5,0,14.34,37.22
356,24,Other,3rd Year,8.7,9.9,1.9,5,98,10,12.22,2.46,6.22,10.23,77.7,171.8,2453,2.8,26.33,61,7,0,16.36,55.14
357,19,Male,1st Year,4.5,1.6,3.0,3,112,1,5.76,13.91,5.56,8.27,55.3,167.7,2965,2.96,19.66,59,7,1,20.83,94.63
358,25,Other,1st Year,8.7,10.3,3.8,1,102,10,2.79,20.25,7.45,7.04,65.5,166.5,2540,3.19,23.63,61,7,0,16.72,58.31
359,18,Female,4th Year,7.4,11.1,3.6,1,90,10,18.03,20.68,6.23,8.53,57.3,167.2,2233,2.91,20.5,61,7,0,17.96,69.22
360,20,Female,2nd Year,4.3,5.8,3.3,1,89,7,2.63,4.17,6.3,8.21,74.9,160.5,2294,2.98,29.08,63,7,0,16.24,54.01
361,21,Male,3rd Year,5.5,7.3,3.4,4,77,1,7.39,12.72,5.28,7.15,86.7,179.6,2603,2.4,26.88,65,7,1,19.22,80.41
362,18,Female,3rd Year,7.5,9.2,3.0,3,16,1,9.17,15.6,6.4,9.02,56.8,164.4,1827,1.86,21.02,77,3,0,13.39,28.79
363,18,Female,4th Year,4.3,2.1,1.8,1,17,5,17.8,12.47,8.45,8.61,62.2,169.4,1915,2.1,21.68,72,3,0,13.43,29.12
364,19,Female,1st Year,6.9,6.0,3.7,2,44,9,20.83,15.63,5.93,9.54,82.8,163.4,2076,1.81,31.01,67,7,0,15.89,50.92
365,24,Female,2nd Year,5.7,4.8,3.0,5,115,6,10.06,12.22,7.78,9.48,65.0,166.5,2503,3.36,23.45,64,7,0,16.76,58.67
366,24,Male,1st Year,7.1,1.8,2.7,5,92,3,8.32,4.81,7.52,7.48,62.8,174.0,2639,2.71,20.74,59,7,1,20.14,88.58
367,23,Male,1st Year,4.2,4.4,1.3,2,83,3,17.57,10.15,8.45,10.91,80.9,170.9,2781,2.82,27.7,65,7,1,18.88,77.41
368,19,Other,1st Year,8.4,0.8,2.3,5,52,7,10.31,8.11,5.53,7.75,72.0,159.6,2379,2.16,28.27,65,7,0,16.41,55.58
369,20,Female,1st Year,8.9,0.3,2.4,4,90,6,4.01,14.71,8.91,8.78,62.1,161.2,2171,2.98,23.9,62,7,0,17.15,62.07
370,24,Other,3rd Year,8.8,1.6,3.6,4,81,9,4.46,7.23,7.33,8.95,71.8,167.2,2316,2.63,25.68,61,7,0,16.47,56.1
371,21,Male,3rd Year,7.7,11.6,2.6,0,67,6,2.53,8.67,8.98,10.25,71.3,180.1,2707,2.43,21.98,61,7,1,20.17,88.84
372,25,Male,1st Year,4.7,6.6,2.1,0,64,5,14.32,19.61,8.65,7.4,84.3,176.6,2378,2.11,27.03,66,7,1,18.76,76.38
373,19,Male,2nd Year,7.8,11.6,3.9,0,113,10,15.32,10.55,5.89,8.71,87.6,164.3,2709,3.71,32.45,70,7,1,18.32,72.47
374,25,Male,4th Year,4.1,5.2,1.3,5,0,7,6.26,16.87,5.22,9.51,76.8,171.1,2354,1.9,26.23,86,0,1,11.3,10.32
375,18,Male,2nd Year,4.1,3.7,2.3,4,57,1,12.95,5.92,6.02,7.86,87.1,189.4,2587,2.47,24.28,69,7,1,19.84,85.92
376,21,Male,2nd Year,5.6,6.1,1.1,4,25,7,20.16,13.48,7.11,9.51,69.5,180.4,2243,1.87,21.36,66,5,1,18.13,70.76
377,21,Male,2nd Year,6.4,5.3,3.2,4,108,3,16.06,2.11,5.69,10.69,70.5,173.8,2809,3.31,23.34,64,7,1,19.85,86.0
378,18,Female,1st Year,7.9,1.3,3.8,2,19,9,13.21,20.15,5.67,10.99,73.8,162.5,1780,1.75,27.95,76,3,0,12.24,18.62
379,19,Other,3rd Year,7.4,7.7,1.8,4,115,6,15.86,6.39,6.85,7.13,51.2,163.0,2566,3.2,19.27,65,7,0,17.94,69.12
380,18,Male,2nd Year,6.2,2.6,3.6,2,86,9,15.02,8.53,5.13,7.94,81.3,185.6,2527,3.16,23.6,59,7,1,20.26,89.59
381,25,Female,1st Year,5.4,7.4,1.9,0,9,5,15.83,6.65,5.49,8.24,66.7,169.3,1822,1.44,23.27,75,3,0,12.36,19.73
382,23,Female,2nd Year,9.0,7.8,3.7,0,58,7,21.13,15.85,6.66,8.6,70.7,159.8,2278,2.68,27.69,63,7,0,16.17,53.44
383,21,Other,2nd Year,6.1,1.8,3.3,5,74,4,8.62,12.16,5.25,7.97,57.9,164.6,2384,2.26,21.37,54,7,0,17.72,67.11
384,22,Male,1st Year,6.3,0.7,3.4,0,40,7,9.46,6.07,6.59,7.81,73.5,177.3,2353,1.78,23.38,61,5,1,17.84,68.15
385,22,Other,3rd Year,4.8,9.4,1.1,5,104,1,8.28,17.35,6.9,10.82,63.2,171.6,2403,2.49,21.46,58,7,0,17.48,65.02
386,25,Male,3rd Year,8.0,5.5,3.9,1,4,7,17.96,17.48,6.81,10.67,92.7,174.8,2386,1.47,30.34,85,2,1,12.63,22.11
387,20,Female,4th Year,7.5,0.7,3.2,1,64,8,15.79,10.98,8.48,7.19,65.8,158.4,2020,2.52,26.23,65,7,0,16.66,57.77
388,24,Female,1st Year,5.1,11.9,1.9,3,16,5,8.99,11.53,7.12,8.36,71.8,166.6,1869,1.7,25.87,81,3,0,11.84,15.11
389,18,Female,4th Year,4.4,0.7,3.5,5,21,2,9.41,16.35,6.87,8.62,55.4,156.7,1882,1.89,22.56,74,3,0,13.21,27.26
390,18,Female,4th Year,7.4,8.3,1.8,3,97,5,11.37,16.04,6.64,7.96,55.6,167.5,2434,2.9,19.82,57,7,0,18.19,71.3
391,20,Other,4th Year,7.3,11.8,3.6,3,119,6,14.64,16.44,8.27,9.52,61.3,167.9,2352,3.46,21.74,58,7,0,17.63,66.37
392,20,Male,3rd Year,5.4,2.9,1.3,1,108,2,2.83,6.57,8.58,9.56,72.2,180.2,2746,3.22,22.23,62,7,1,20.2,89.08
393,25,Male,1st Year,8.8,1.7,3.1,5,40,6,14.86,8.96,8.41,10.4,69.7,164.1,2479,1.85,25.88,61,5,1,17.11,61.73
394,25,Other,4th Year,4.8,1.5,2.6,1,92,6,12.43,5.35,7.69,9.96,55.8,170.1,2506,2.87,19.29,64,7,0,17.37,64.05
395,20,Male,1st Year,6.2,3.6,1.3,3,67,1,7.76,2.49,5.55,9.17,86.6,163.7,2461,2.34,32.32,70,7,1,18.25,71.79
396,21,Female,1st Year,8.7,1.2,1.7,5,68,1,10.6,12.52,6.11,9.61,71.2,163.2,2038,2.53,26.73,62,7,0,16.57,56.92
397,25,Male,3rd Year,6.1,8.3,1.0,3,10,10,14.72,20.67,5.18,8.1,81.9,178.0,2267,1.58,25.85,73,3,1,14.76,40.9
398,23,Female,4th Year,7.2,0.7,2.4,4,55,3,12.85,21.04,8.72,9.37,62.7,157.0,1967,1.74,25.44,67,7,0,16.44,55.77
399,25,Other,4th Year,6.0,6.1,1.9,5,50,10,5.32,16.09,7.64,8.96,76.1,171.1,2013,2.05,25.99,63,7,0,16.26,54.22
400,18,Male,1st Year,5.4,12.0,2.8,5,20,10,16.16,3.35,7.99,7.53,95.6,179.3,2302,1.65,29.74,80,3,1,14.58,39.39
401,25,Other,2nd Year,8.9,9.8,1.9,3,98,3,19.01,11.54,6.25,7.97,80.4,166.7,2425,2.81,28.93,61,7,0,15.82,50.33
402,21,Male,3rd Year,6.0,7.4,1.9,4,75,4,15.42,16.56,8.38,8.17,65.5,171.6,2587,2.95,22.24,59,7,1,20.19,88.98
403,20,Female,3rd Year,8.5,3.7,3.2,2,25,2,4.16,14.02,6.04,10.7,60.0,163.9,1895,1.56,22.34,69,5,0,15.2,44.86
404,18,Other,3rd Year,5.1,7.5,1.1,1,114,9,20.13,10.03,5.01,7.92,67.3,174.2,2551,3.85,22.18,61,7,0,17.67,66.69
405,25,Male,3rd Year,5.1,6.3,3.7,3,18,10,1.17,8.94,6.51,8.16,67.5,177.1,2247,2.0,21.52,71,3,1,15.55,47.94
406,21,Female,4th Year,4.2,5.1,3.6,5,108,7,10.64,18.92,7.28,8.48,50.5,162.7,2431,2.99,19.08,61,7,0,17.9,68.7
407,23,Other,4th Year,7.3,1.6,3.0,1,59,7,1.32,2.46,6.91,9.65,77.7,181.1,2250,2.64,23.69,59,7,0,16.97,60.52
408,25,Other,2nd Year,5.8,10.6,2.8,1,70,6,2.28,11.1,8.45,7.47,75.7,168.5,2398,2.38,26.66,63,7,0,16.15,53.22
409,21,Male,3rd Year,8.3,5.4,3.7,1,46,3,12.49,19.29,5.42,10.82,85.3,170.5,2396,2.11,29.34,66,7,1,18.77,76.44
410,23,Male,3rd Year,6.4,2.3,1.6,2,118,6,17.83,4.13,7.22,10.46,79.2,168.3,2996,3.06,27.96,66,7,1,18.81,76.75
411,20,Male,1st Year,8.8,4.4,1.2,0,70,8,18.54,20.51,7.05,9.31,89.1,175.2,2542,2.64,29.03,67,7,1,18.9,77.54
412,25,Female,4th Year,4.9,5.0,1.7,3,25,8,16.96,3.85,6.13,9.7,65.4,155.6,1906,2.07,27.01,69,5,0,13.91,33.4
413,23,Male,3rd Year,8.3,9.9,3.4,0,39,9,7.09,2.07,8.29,7.07,100.9,183.3,2452,2.15,30.03,63,5,1,16.54,56.73
414,18,Other,2nd Year,7.9,8.8,1.1,0,4,1,16.27,7.99,8.01,8.36,64.8,169.4,2053,1.5,22.58,83,2,0,11.94,15.99
415,20,Other,2nd Year,7.9,9.2,2.7,0,20,1,14.83,6.59,7.93,10.18,79.9,169.2,1999,2.03,27.91,76,3,0,12.05,16.91
416,18,Male,4th Year,8.2,0.1,4.0,1,77,3,12.58,15.25,8.5,7.31,73.8,184.2,2372,2.53,21.75,58,7,1,20.6,92.64
417,22,Male,2nd Year,7.8,5.0,3.6,4,3,3,2.82,3.17,7.89,8.13,74.8,184.1,2115,1.44,22.07,84,2,1,14.37,37.47
418,19,Other,2nd Year,7.1,5.8,2.6,1,22,10,18.02,11.41,5.93,9.34,72.9,173.9,2086,1.76,24.11,72,5,0,14.91,42.28
419,25,Female,4th Year,4.7,0.2,1.2,1,105,8,21.89,7.35,7.82,8.03,54.6,159.6,2486,3.01,21.44,64,7,0,17.01,60.81
420,23,Male,3rd Year,4.2,3.1,3.5,5,83,10,20.74,3.52,6.23,10.74,90.2,183.5,2714,2.66,26.79,64,7,1,19.07,79.05
421,19,Male,3rd Year,8.6,9.1,2.8,5,14,1,3.0,2.5,5.97,7.52,74.8,177.8,2179,1.77,23.66,81,3,1,15.49,47.38
422,19,Other,2nd Year,7.1,1.6,1.3,0,113,2,8.4,5.34,5.29,10.19,78.7,159.7,2518,3.24,30.86,71,7,0,15.79,50.09
423,23,Male,2nd Year,8.0,6.4,1.3,1,115,2,16.27,15.94,7.98,9.03,72.4,177.0,2833,3.13,23.11,61,7,1,19.78,85.38
424,20,Female,3rd Year,6.4,2.6,3.7,0,108,3,18.28,2.67,7.84,10.0,51.2,167.2,2352,3.51,18.31,61,7,0,18.13,70.73
425,25,Other,4th Year,4.6,0.1,3.0,5,92,6,15.82,9.44,5.94,8.24,61.9,161.0,2511,2.92,23.88,64,7,0,16.59,57.14
426,22,Male,2nd Year,4.6,2.9,3.5,4,7,1,19.59,3.39,8.0,9.06,79.9,177.5,2298,1.83,25.36,84,2,1,13.81,32.52
427,18,Other,1st Year,7.4,11.7,3.6,3,40,2,2.23,8.48,8.67,10.43,65.8,170.9,2267,2.48,22.53,59,5,0,15.67,48.99
428,21,Male,4th Year,6.2,9.6,2.7,0,111,1,5.53,15.86,5.43,8.87,65.3,174.1,2865,3.14,21.54,62,7,1,20.22,89.24
429,18,Male,2nd Year,5.0,11.5,2.6,4,18,5,12.29,14.6,5.93,8.44,83.5,159.8,2236,1.75,32.7,81,3,1,14.05,34.66
430,21,Male,2nd Year,6.5,5.9,2.3,3,111,7,3.84,10.99,8.0,9.14,76.9,177.3,2825,3.08,24.46,57,7,1,19.87,86.17
431,18,Female,1st Year,4.3,1.3,2.0,2,102,8,16.76,6.2,6.1,9.87,59.9,165.1,2383,3.15,21.98,57,7,0,17.82,68.06
432,23,Female,1st Year,6.9,6.6,2.3,0,45,10,6.94,15.64,7.5,8.77,70.7,156.4,1971,2.34,28.9,59,7,0,16.09,52.68
433,22,Other,3rd Year,5.3,5.5,3.3,0,27,1,4.02,10.41,5.32,10.76,84.5,170.6,2112,1.84,29.03,72,5,0,13.77,32.21
434,25,Male,4th Year,8.0,10.1,2.8,2,109,7,14.51,15.09,6.81,8.18,72.0,174.9,2824,2.81,23.54,64,7,1,19.42,82.17
435,21,Male,4th Year,5.6,1.2,3.7,2,120,5,6.09,5.68,7.96,8.9,64.3,167.6,2895,3.64,22.89,66,7,1,19.87,86.15
436,25,Female,3rd Year,6.3,5.9,2.3,0,90,10,15.8,12.67,7.75,10.03,60.6,161.4,2257,3.08,23.26,62,7,0,16.76,58.6
437,25,Male,4th Year,4.1,1.8,2.8,2,67,1,15.72,20.47,8.26,9.76,77.4,168.5,2632,2.61,27.26,69,7,1,18.64,75.24
438,25,Female,4th Year,4.4,3.9,2.9,1,14,3,19.75,18.68,8.51,10.45,70.0,163.1,1599,1.85,26.31,73,3,0,11.91,15.68
439,24,Male,4th Year,6.0,8.8,2.8,3,98,7,12.76,20.78,8.09,10.99,56.7,170.4,2741,3.24,19.53,54,7,1,20.5,91.74
440,20,Other,4th Year,6.4,5.7,3.1,3,36,10,6.68,12.01,7.69,8.71,76.6,167.0,2341,2.3,27.47,67,5,0,14.39,37.67
441,18,Male,4th Year,7.0,4.5,1.7,3,0,1,2.26,19.87,5.13,7.44,82.4,186.5,2207,1.18,23.69,83,0,1,12.52,21.14
442,25,Male,1st Year,5.5,4.7,2.5,1,66,7,9.32,19.72,7.14,7.12,66.6,173.3,2747,2.45,22.18,61,7,1,19.74,85.01
443,18,Female,4th Year,7.5,5.5,1.3,2,110,5,3.87,3.18,5.15,9.91,66.4,162.7,2354,3.49,25.08,57,7,0,17.3,63.38
444,25,Male,1st Year,8.3,9.4,2.2,4,23,1,4.73,4.55,8.23,10.5,76.9,170.6,2240,1.58,26.42,73,5,1,16.66,57.74
445,21,Male,4th Year,7.9,10.7,2.5,2,26,1,18.36,12.96,6.28,7.88,74.6,170.7,2287,1.75,25.6,67,5,1,17.38,64.1
446,20,Female,3rd Year,4.2,11.5,3.0,0,39,1,11.8,2.28,7.25,7.63,61.3,153.6,1844,2.24,25.98,67,5,0,14.64,39.9
447,20,Other,2nd Year,6.4,9.4,3.9,5,62,9,19.54,22.0,6.12,7.25,54.9,168.6,2279,2.28,19.31,60,7,0,17.99,69.49
448,23,Other,1st Year,4.5,3.8,2.8,3,60,3,7.67,9.72,8.13,10.29,80.1,170.2,2112,2.42,27.65,62,7,0,16.21,53.76
449,24,Female,4th Year,5.2,8.3,3.2,2,35,5,2.05,9.67,8.55,8.25,67.4,161.0,1996,1.87,26.0,65,5,0,14.3,36.86
450,23,Female,3rd Year,8.9,5.3,2.5,4,97,10,19.12,12.85,6.59,8.61,55.6,160.1,2392,2.96,21.69,57,7,0,17.37,64.06
451,23,Female,2nd Year,4.7,3.1,2.9,0,92,9,6.59,14.06,8.45,9.01,61.5,173.4,2189,2.58,20.45,59,7,0,17.52,65.39
452,23,Female,1st Year,6.5,10.1,1.2,1,23,6,8.72,12.89,6.07,10.36,49.3,151.2,1941,1.95,21.56,73,5,0,14.91,42.3
453,23,Female,2nd Year,7.1,0.5,1.8,1,23,9,9.74,13.7,7.14,9.6,69.2,152.5,1866,1.87,29.76,72,5,0,13.55,30.24
454,23,Other,3rd Year,7.5,10.8,2.1,4,105,8,13.81,7.39,8.44,9.46,76.1,179.3,2498,2.9,23.67,63,7,0,16.86,59.49
455,22,Other,1st Year,6.8,5.5,2.4,0,3,8,14.54,19.29,6.3,7.7,61.5,152.9,1993,1.35,26.31,81,2,0,10.97,7.38
456,20,Female,2nd Year,4.0,7.6,1.1,3,66,1,21.05,18.05,8.82,9.05,62.6,161.2,2107,2.36,24.09,60,7,0,17.17,62.31
457,23,Male,4th Year,5.6,7.9,1.4,2,33,9,17.42,18.39,5.49,9.86,79.4,176.2,2255,2.28,25.57,67,5,1,17.18,62.37
458,25,Female,1st Year,6.6,10.7,1.8,0,56,6,21.68,16.75,5.07,10.89,62.2,161.4,2150,2.39,23.88,59,7,0,16.74,58.47
459,20,Male,2nd Year,4.4,7.6,3.9,1,48,9,9.79,11.49,8.62,7.81,77.9,181.7,2378,2.29,23.6,60,7,1,20.03,87.57
460,20,Female,3rd Year,5.8,7.4,2.0,4,86,3,19.78,19.78,5.27,7.04,62.9,155.1,2226,2.75,26.15,60,7,0,16.82,59.21
461,19,Female,3rd Year,4.2,0.8,2.4,4,52,3,3.67,4.64,8.97,7.3,46.9,161.2,2005,2.3,18.05,64,7,0,18.18,71.22
462,22,Other,1st Year,4.4,6.2,1.6,2,119,6,11.01,16.05,8.81,8.5,58.8,169.1,2721,3.11,20.56,60,7,0,17.57,65.84
463,23,Male,2nd Year,6.0,1.8,2.8,4,115,9,7.31,18.75,5.55,10.28,79.3,181.8,2710,3.58,23.99,60,7,1,19.66,84.31
464,18,Male,1st Year,4.7,8.8,1.8,4,22,7,13.37,8.49,7.15,7.03,84.2,166.6,2410,1.7,30.34,76,5,1,16.6,57.25
465,21,Other,1st Year,6.8,6.1,1.6,0,108,3,10.23,21.24,5.74,8.83,65.7,177.7,2568,3.17,20.81,60,7,0,17.63,66.36
466,24,Other,2nd Year,7.4,8.2,2.5,3,68,3,2.2,9.6,6.71,8.32,75.3,167.1,2419,2.17,26.97,63,7,0,16.2,53.64
467,25,Other,2nd Year,8.0,0.5,1.0,2,94,2,20.26,8.04,5.25,7.21,53.0,177.1,2573,3.14,16.9,60,7,0,17.9,68.7
468,18,Other,4th Year,5.0,1.0,1.0,0,52,9,16.67,17.7,5.9,8.8,64.3,160.4,2149,2.24,24.99,65,7,0,17.07,61.39
469,22,Male,2nd Year,4.8,8.6,1.7,3,61,3,5.62,21.16,6.45,8.02,82.8,172.8,2636,2.69,27.73,63,7,1,19.04,78.78
470,21,Male,3rd Year,4.5,0.9,1.1,0,40,5,19.93,14.73,6.75,8.41,72.9,171.1,2231,1.94,24.9,62,5,1,17.65,66.48
471,22,Female,1st Year,7.2,0.9,1.3,5,56,9,20.41,20.03,8.91,9.82,74.9,167.8,1956,2.22,26.6,63,7,0,16.46,55.96
472,25,Female,1st Year,7.5,0.1,2.0,0,120,8,14.41,19.67,8.23,9.09,64.2,161.8,2319,3.38,24.52,55,7,0,16.75,58.56
473,20,Other,3rd Year,4.2,11.5,3.4,4,59,2,20.06,16.91,7.95,7.5,67.9,164.7,2349,2.39,25.03,58,7,0,17.07,61.42
474,21,Other,2nd Year,8.7,8.9,2.7,3,53,3,9.71,16.09,7.15,10.85,67.0,164.9,2256,2.22,24.64,67,7,0,16.77,58.74
475,20,Other,3rd Year,4.3,4.2,2.5,2,69,2,17.25,11.4,8.36,9.54,82.4,166.2,2401,2.48,29.83,71,7,0,15.87,50.75
476,25,Female,3rd Year,6.7,3.6,1.9,2,100,8,3.19,8.43,6.36,10.06,59.3,166.2,2417,3.07,21.47,60,7,0,17.12,61.83
477,18,Female,4th Year,7.5,4.2,3.8,3,56,6,5.55,10.14,7.84,7.32,65.6,161.4,1922,2.11,25.18,65,7,0,17.04,61.11
478,25,Female,3rd Year,8.4,9.3,2.2,4,9,6,7.31,19.03,8.98,7.19,63.1,154.8,2018,2.08,26.33,80,3,0,11.69,13.8
479,18,Female,1st Year,7.6,7.9,1.3,1,39,9,9.04,18.56,6.26,7.08,66.0,165.8,1814,1.98,24.01,73,5,0,15.0,43.05
480,21,Female,3rd Year,8.0,2.2,2.9,0,6,8,3.87,4.42,7.7,7.76,57.0,157.3,1813,1.5,23.04,82,2,0,11.59,12.92
481,21,Female,1st Year,5.7,2.1,1.3,4,102,4,17.32,10.83,8.38,8.66,68.0,150.1,2202,3.08,30.18,66,7,0,15.86,50.66
482,23,Female,1st Year,8.1,1.2,2.0,5,37,4,3.66,4.6,8.66,10.74,54.6,174.4,1731,2.0,17.95,58,5,0,15.98,51.72
483,22,Other,1st Year,4.4,7.9,2.5,3,84,9,5.42,14.57,7.87,8.83,85.6,175.7,2297,2.86,27.73,60,7,0,16.36,55.06
484,23,Other,2nd Year,8.5,9.2,3.6,0,60,1,6.29,9.71,6.13,8.16,67.0,164.7,2564,2.1,24.7,63,7,0,16.68,57.94
485,22,Other,4th Year,6.7,3.2,2.5,2,83,2,10.21,11.53,6.31,9.25,72.2,169.8,2523,2.76,25.04,60,7,0,16.81,59.11
486,23,Other,1st Year,8.1,0.3,3.1,1,2,2,16.83,15.62,5.08,7.45,64.5,170.2,2036,1.46,22.27,76,2,0,11.7,13.9
487,20,Female,1st Year,6.3,1.0,4.0,5,50,6,13.11,12.6,8.04,9.44,59.0,165.7,2087,2.24,21.49,58,7,0,17.68,66.75
488,21,Male,2nd Year,7.2,11.6,1.4,2,85,4,5.34,11.95,5.17,9.27,74.5,182.9,2447,3.03,22.27,58,7,1,20.21,89.21
489,18,Female,1st Year,6.6,3.5,1.8,3,46,10,21.33,17.98,8.46,10.17,56.8,156.6,1970,2.46,23.16,67,7,0,17.32,63.62
490,22,Male,3rd Year,7.7,9.2,2.2,0,67,3,5.58,15.7,5.47,10.95,106.4,160.1,2640,2.55,41.51,69,7,1,16.51,56.45
491,25,Other,3rd Year,4.4,7.5,2.3,3,91,3,16.96,6.17,5.69,8.0,70.6,167.6,2507,2.99,25.13,63,7,0,16.41,55.52
492,22,Female,4th Year,4.3,4.6,2.2,0,75,3,18.97,3.68,6.91,9.04,62.7,165.3,2155,2.59,22.95,66,7,0,16.99,60.66
493,18,Other,1st Year,5.2,2.5,3.7,4,37,6,19.57,14.8,7.95,10.64,78.2,166.6,2244,1.47,28.17,68,5,0,14.44,38.11
494,23,Female,2nd Year,4.8,1.5,3.1,1,114,8,21.43,15.86,5.56,10.14,63.6,165.9,2368,3.13,23.11,59,7,0,17.07,61.4
495,22,Other,3rd Year,8.4,7.4,2.8,4,35,7,11.0,18.1,6.76,8.95,76.5,175.9,2097,2.11,24.72,71,5,0,14.54,38.96
496,24,Male,2nd Year,5.1,9.3,1.9,4,110,4,17.42,8.43,6.93,10.78,61.2,168.2,2687,3.32,21.63,62,7,1,19.9,86.45
497,20,Male,2nd Year,8.9,7.7,3.5,3,40,4,1.22,15.54,5.85,7.23,80.1,181.7,2472,2.2,24.26,60,5,1,17.92,68.86
498,21,Male,3rd Year,5.7,6.4,3.9,1,68,10,9.94,2.25,5.46,10.72,79.3,170.5,2620,2.67,27.28,64,7,1,19.18,80.08
499,18,Female,2nd Year,4.9,0.5,3.5,0,12,2,19.1,15.49,8.35,7.2,67.7,169.1,1895,1.89,23.68,74,3,0,13.03,25.58
500,21,Male,3rd Year,7.9,11.6,1.0,0,86,1,7.54,14.12,7.01,9.19,66.2,174.8,2613,2.64,21.67,56,7,1,20.38,90.65
